status,n,coef,se_hc3,p,ci_low,ci_high,ci_excludes_zero,full_r2,reduced_r2,delta_r2,full_aic,reduced_aic,delta_aic_full_minus_reduced,nested_f_p,focal_vif,mechanism_id,feature,feature_family,mechanism_type,moderator,controls_used,controls_omitted,clean_bh_q
FIT_OK,159,-0.2056973950960078,0.06830158971912988,0.0030537284102126585,-0.3406622364381291,-0.07073255375388651,True,0.46809704141505837,0.44104381406814974,0.027053227346908626,370.8466733814158,376.7346676242461,-5.887994242830246,0.006642305368814432,1.564006312692967,low_tail_q10__n_soil_moisture,n_soil_moisture,baseline_soil_moisture,low_tail,,aridity;mean_annual_temperature;mean_annual_precipitation;soil_texture_pc1;growing_season_mean_lai;mean_vpd;lat;lon,baseline_soil_moisture:omitted_same_family_as_focal_or_moderator,0.0056712099046806515
FIT_OK,159,-0.2056973950960078,0.06830158971912988,0.0030537284102126585,-0.3406622364381291,-0.07073255375388651,True,0.46809704141505837,0.44104381406814974,0.027053227346908626,370.8466733814158,376.7346676242461,-5.887994242830246,0.006642305368814432,1.564006312692967,low_tail_q25__n_soil_moisture,n_soil_moisture,baseline_soil_moisture,low_tail,,aridity;mean_annual_temperature;mean_annual_precipitation;soil_texture_pc1;growing_season_mean_lai;mean_vpd;lat;lon,baseline_soil_moisture:omitted_same_family_as_focal_or_moderator,0.0056712099046806515
FIT_OK,159,0.2056973950960078,0.06830158971912988,0.0030537284102126585,0.07073255375388651,0.3406622364381291,True,0.46809704141505837,0.44104381406814974,0.027053227346908626,370.8466733814158,376.7346676242461,-5.887994242830246,0.006642305368814432,1.564006312692967,high_tail_q75__n_soil_moisture,n_soil_moisture,baseline_soil_moisture,high_tail,,aridity;mean_annual_temperature;mean_annual_precipitation;soil_texture_pc1;growing_season_mean_lai;mean_vpd;lat;lon,baseline_soil_moisture:omitted_same_family_as_focal_or_moderator,0.0056712099046806515
FIT_OK,159,-0.15726363573253413,0.06469035377176605,0.01624352423862952,-0.2850926272549196,-0.029434644210148686,True,0.4618126444504229,0.44104381406814974,0.020768830382273173,372.7142365056202,376.7346676242461,-4.020431118625879,0.01772681632906021,1.1908157883038368,high_tail_q75__p10_soil_moisture,p10_soil_moisture,baseline_soil_moisture,high_tail,,aridity;mean_annual_temperature;mean_annual_precipitation;soil_texture_pc1;growing_season_mean_lai;mean_vpd;lat;lon,baseline_soil_moisture:omitted_same_family_as_focal_or_moderator,0.017590630163209553
FIT_OK,159,0.23973928513357937,0.09535883498897756,0.012996957601664203,0.051308970586270514,0.4281695996808882,True,0.46318296196813025,0.44104381406814974,0.022139147899980505,372.3088789003368,376.7346676242461,-4.42578872390925,0.014293345996198997,2.596076646491461,linear__sd_soil_moisture,sd_soil_moisture,baseline_soil_moisture,linear,,aridity;mean_annual_temperature;mean_annual_precipitation;soil_texture_pc1;growing_season_mean_lai;mean_vpd;lat;lon,baseline_soil_moisture:omitted_same_family_as_focal_or_moderator,0.014763534363055454
FIT_OK,159,-0.2838880046801002,0.09739663798911935,0.004109235934860132,-0.4763450448092238,-0.09143096455097663,True,0.4523966644653872,0.41095965391187816,0.04143701055350901,375.47200254975985,385.0700184173331,-9.598015867573224,0.000997396908513762,1.9449375841719208,linear__env_hydroclimatic_regime_sahel_high_vpd,env_hydroclimatic_regime_sahel_high_vpd,baseline_vpd,linear,,aridity;mean_annual_temperature;mean_annual_precipitation;soil_texture_pc1;growing_season_mean_lai;mean_soil_moisture;lat;lon,baseline_vpd:omitted_same_family_as_focal_or_moderator,0.007396624682748237
FIT_OK,159,0.19765327028234833,0.054136015061930394,0.00036084843106216837,0.09067979113239329,0.3046267494323034,True,0.44210525775714515,0.41095965391187816,0.03114560384526699,378.43244358860096,385.0700184173331,-6.637574828732113,0.004507029108508192,1.2543283940614187,linear__env_mean_vpd_quartile_vpd_q3,env_mean_vpd_quartile_vpd_Q3,baseline_vpd,linear,,aridity;mean_annual_temperature;mean_annual_precipitation;soil_texture_pc1;growing_season_mean_lai;mean_soil_moisture;lat;lon,baseline_vpd:omitted_same_family_as_focal_or_moderator,0.002483486260839629
FIT_OK,159,-0.6600484753238738,0.1748410978479827,0.00023039648461270157,-1.005536788673133,-0.3145601619746145,True,0.451390291406098,0.41095965391187816,0.04043063749421982,375.7639409867953,385.0700184173331,-9.306077430537755,0.0011557869051243357,10.7755904130785,linear__mean_vpd,mean_vpd,baseline_vpd,linear,,aridity;mean_annual_temperature;mean_annual_precipitation;soil_texture_pc1;growing_season_mean_lai;mean_soil_moisture;lat;lon,baseline_vpd:omitted_same_family_as_focal_or_moderator,0.0019318987838968277
FIT_OK,159,-0.4116896316752543,0.16546771234008617,0.013953785722353512,-0.7386740999973072,-0.08470516335320144,True,0.4716255215616528,0.451390291406098,0.02023523015555484,371.7884024141648,375.7639409867953,-3.975538572630512,0.018550124019508365,8.375904376970103,quadratic__mean_vpd,mean_vpd,baseline_vpd,quadratic,,aridity;mean_annual_temperature;mean_annual_precipitation;soil_texture_pc1;growing_season_mean_lai;mean_soil_moisture;lat;lon,baseline_vpd:omitted_same_family_as_focal_or_moderator,0.015698008937647702
FIT_OK,159,0.3505069115055899,0.12223154610125786,0.004740809811588847,0.10896240382570882,0.5920514191854709,True,0.47497569944037765,0.451390291406098,0.023585408034279665,370.7770473807306,375.7639409867953,-4.9868936060647115,0.010899253671669926,5.208945074625238,hinge_low_q25__mean_vpd,mean_vpd,baseline_vpd,hinge_low,,aridity;mean_annual_temperature;mean_annual_precipitation;soil_texture_pc1;growing_season_mean_lai;mean_soil_moisture;lat;lon,baseline_vpd:omitted_same_family_as_focal_or_moderator,0.007858729500160084
FIT_OK,159,-0.5482436534896667,0.1970931143634977,0.006112760899252778,-0.9377237901197607,-0.1587635168595728,True,0.4713021879704564,0.451390291406098,0.019911896564358433,371.88567114983624,375.7639409867953,-3.8782698369590776,0.01953251460838502,15.09505147438893,hinge_high_q75__mean_vpd,mean_vpd,baseline_vpd,hinge_high,,aridity;mean_annual_temperature;mean_annual_precipitation;soil_texture_pc1;growing_season_mean_lai;mean_soil_moisture;lat;lon,baseline_vpd:omitted_same_family_as_focal_or_moderator,0.008939912815157188
FIT_OK,159,-0.27287384719062446,0.0980020392040959,0.006059439929381574,-0.4665271680983308,-0.07922052628291815,True,0.4476906118883195,0.41095965391187816,0.036730957976441325,376.8325958216669,385.0700184173331,-8.237422595666146,0.0019869058003515096,2.027176544874482,high_tail_q90__mean_vpd,mean_vpd,baseline_vpd,high_tail,,aridity;mean_annual_temperature;mean_annual_precipitation;soil_texture_pc1;growing_season_mean_lai;mean_soil_moisture;lat;lon,baseline_vpd:omitted_same_family_as_focal_or_moderator,0.008939912815157188
FIT_OK,159,-0.34134456112387834,0.11757122189572726,0.004258098199209517,-0.5736796973136777,-0.10900942493407892,True,0.4877296667238211,0.451390291406098,0.03633937531772313,366.8669085812505,375.7639409867953,-8.897032405544792,0.0014753611108552455,3.2063322054968637,hinge_high_q90__mean_vpd,mean_vpd,baseline_vpd,hinge_high,,aridity;mean_annual_temperature;mean_annual_precipitation;soil_texture_pc1;growing_season_mean_lai;mean_soil_moisture;lat;lon,baseline_vpd:omitted_same_family_as_focal_or_moderator,0.007506851597587612
FIT_OK,159,0.2897361516776343,0.08689939308337986,0.0010812665994166283,0.11801230632418469,0.46145999703108387,True,0.49545678014961547,0.4513902914060981,0.044066488743517374,364.4502714652291,375.7639409867954,-11.313669521566283,0.0004407280760008887,1.905008544646402,interaction_with_mean_annual_precipitation__mean_vpd,mean_vpd,baseline_vpd,interaction,mean_annual_precipitation,aridity;mean_annual_temperature;soil_texture_pc1;growing_season_mean_lai;mean_soil_moisture;lat;lon,precipitation:omitted_same_family_as_focal_or_moderator;baseline_vpd:omitted_same_family_as_focal_or_moderator,0.003514116448104089
FIT_OK,159,-0.4399994466450205,0.15534071321163634,0.005258468965576736,-0.7469547429828515,-0.13304415030718952,True,0.43596458027577145,0.41095965391187816,0.025004926363893287,380.17297522337395,385.0700184173331,-4.897043193959121,0.011147235941393387,7.742454835919018,linear__median_vpd,median_vpd,baseline_vpd,linear,,aridity;mean_annual_temperature;mean_annual_precipitation;soil_texture_pc1;growing_season_mean_lai;mean_soil_moisture;lat;lon,baseline_vpd:omitted_same_family_as_focal_or_moderator,0.008545012069062196
FIT_OK,159,-0.5864880589615697,0.21051334831122184,0.006035568459036157,-1.0024882217653202,-0.17048789615781929,True,0.4673566260809472,0.43596458027577145,0.03139204580517574,373.06784939510817,380.17297522337395,-7.105125828265784,0.0036569352418557915,10.957178306862602,quadratic__median_vpd,median_vpd,baseline_vpd,quadratic,,aridity;mean_annual_temperature;mean_annual_precipitation;soil_texture_pc1;growing_season_mean_lai;mean_soil_moisture;lat;lon,baseline_vpd:omitted_same_family_as_focal_or_moderator,0.008939912815157188
FIT_OK,159,0.4038578035849483,0.11883711809165438,0.0008710023722362265,0.16902110144779725,0.6386945057220994,True,0.46531100589638197,0.43596458027577145,0.029346425620610517,373.67732029159265,380.17297522337395,-6.495654931781303,0.004994708326212049,5.557785047658726,hinge_low_q25__median_vpd,median_vpd,baseline_vpd,hinge_low,,aridity;mean_annual_temperature;mean_annual_precipitation;soil_texture_pc1;growing_season_mean_lai;mean_soil_moisture;lat;lon,baseline_vpd:omitted_same_family_as_focal_or_moderator,0.003514116448104089
FIT_OK,159,-0.2718139548074743,0.10283454047057734,0.009090528561470869,-0.47501636189894764,-0.06861154771600092,True,0.4487660758195132,0.41095965391187816,0.03780642190763506,376.5226871533058,385.0700184173331,-8.547331264027264,0.001697349853204432,1.9542401078997302,high_tail_q90__median_vpd,median_vpd,baseline_vpd,high_tail,,aridity;mean_annual_temperature;mean_annual_precipitation;soil_texture_pc1;growing_season_mean_lai;mean_soil_moisture;lat;lon,baseline_vpd:omitted_same_family_as_focal_or_moderator,0.011977454879700375
FIT_OK,159,-0.35223934161577714,0.12567414534160884,0.005745028283206162,-0.6005868470910134,-0.10389183614054093,True,0.4739467084390362,0.43596458027577145,0.03798212816326474,371.08836525622985,380.17297522337395,-9.084609967144104,0.0013425023205358645,3.266603525968699,hinge_high_q90__median_vpd,median_vpd,baseline_vpd,hinge_high,,aridity;mean_annual_temperature;mean_annual_precipitation;soil_texture_pc1;growing_season_mean_lai;mean_soil_moisture;lat;lon,baseline_vpd:omitted_same_family_as_focal_or_moderator,0.008844319857041065
FIT_OK,159,0.30577211717794556,0.08718352472256656,0.0005998211604094686,0.13348679290115179,0.47805744145473933,True,0.4888067143595236,0.43596458027577145,0.05284213408375216,366.5322593878082,380.17297522337395,-13.640715835565743,0.00013942078329826513,1.7693567692647612,interaction_with_mean_annual_precipitation__median_vpd,median_vpd,baseline_vpd,interaction,mean_annual_precipitation,aridity;mean_annual_temperature;soil_texture_pc1;growing_season_mean_lai;mean_soil_moisture;lat;lon,precipitation:omitted_same_family_as_focal_or_moderator;baseline_vpd:omitted_same_family_as_focal_or_moderator,0.00292412815699616
FIT_OK,159,-0.25350744985913837,0.08266345075464887,0.0025706486931826316,-0.4168515178635861,-0.09016338185469061,True,0.46208103866661165,0.41095965391187816,0.05112138475473349,372.6349233734708,385.0700184173331,-12.435095043862248,0.00024083034544168078,1.257126101775504,linear__median_vpd_sm_interaction,median_vpd_sm_interaction,baseline_vpd,linear,,aridity;mean_annual_temperature;mean_annual_precipitation;soil_texture_pc1;growing_season_mean_lai;mean_soil_moisture;lat;lon,baseline_vpd:omitted_same_family_as_focal_or_moderator,0.005012764951706132
FIT_OK,159,-0.21372231258927107,0.05720098286437425,0.0002653981293026992,-0.32675220850604825,-0.10069241667249389,True,0.44654207519185996,0.41095965391187816,0.03558242127998179,377.162895692672,385.0700184173331,-7.907122724661065,0.00235098022049935,1.2837020431828585,high_tail_q75__median_vpd_sm_interaction,median_vpd_sm_interaction,baseline_vpd,high_tail,,aridity;mean_annual_temperature;mean_annual_precipitation;soil_texture_pc1;growing_season_mean_lai;mean_soil_moisture;lat;lon,baseline_vpd:omitted_same_family_as_focal_or_moderator,0.002070105408561054
FIT_OK,159,-0.2669372582053248,0.07983903359659349,0.0010466064590822124,-0.4247002406861637,-0.10917427572448596,True,0.46903960193144634,0.41095965391187816,0.05807994801956817,370.56466693071917,385.0700184173331,-14.505351486613904,8.625890058053685e-05,1.2268519901940884,linear__median_vpd_sm_interaction_all,median_vpd_sm_interaction_all,baseline_vpd,linear,,aridity;mean_annual_temperature;mean_annual_precipitation;soil_texture_pc1;growing_season_mean_lai;mean_soil_moisture;lat;lon,baseline_vpd:omitted_same_family_as_focal_or_moderator,0.003514116448104089
FIT_OK,159,0.21859336359938364,0.08585471290937333,0.011909396981328962,0.048943319523739565,0.38824340767502774,True,0.44998078020079435,0.41095965391187816,0.039021126288916186,376.17192661108726,385.0700184173331,-8.898091806245816,0.0014207540204264838,1.2245432962621807,low_tail_q25__median_vpd_sm_interaction_all,median_vpd_sm_interaction_all,baseline_vpd,low_tail,,aridity;mean_annual_temperature;mean_annual_precipitation;soil_texture_pc1;growing_season_mean_lai;mean_soil_moisture;lat;lon,baseline_vpd:omitted_same_family_as_focal_or_moderator,0.013660778890347926
FIT_OK,159,-0.22489875410246368,0.05576244618149061,8.75913903401122e-05,-0.33508608257727346,-0.11471142562765388,True,0.4491504023401154,0.41095965391187816,0.03819074842823722,376.4117918934786,385.0700184173331,-8.658226523854466,0.001604458046289313,1.3243901122252753,high_tail_q75__median_vpd_sm_interaction_all,median_vpd_sm_interaction_all,baseline_vpd,high_tail,,aridity;mean_annual_temperature;mean_annual_precipitation;soil_texture_pc1;growing_season_mean_lai;mean_soil_moisture;lat;lon,baseline_vpd:omitted_same_family_as_focal_or_moderator,0.0019318987838968277
FIT_OK,159,0.33020045592580993,0.11003742630982262,0.003157672196020112,0.11276505149859703,0.5476358603530228,True,0.4540608811732878,0.41095965391187816,0.043101227261409636,374.98805122297756,385.0700184173331,-10.081967194355514,0.0007816083835775393,2.5296806615813945,low_tail_q10__p10_vpd,p10_vpd,baseline_vpd,low_tail,,aridity;mean_annual_temperature;mean_annual_precipitation;soil_texture_pc1;growing_season_mean_lai;mean_soil_moisture;lat;lon,baseline_vpd:omitted_same_family_as_focal_or_moderator,0.0057726194833492665
FIT_OK,159,0.28887483334907793,0.14495841561065662,0.04812074818585333,0.002419247622249654,0.5753304190759062,True,0.46993664018139414,0.4335761572955682,0.03636048288582594,372.2958150512693,380.8448434304683,-8.549028379199001,0.0017581803492834852,2.2950374340322086,hinge_low_q10__p10_vpd,p10_vpd,baseline_vpd,hinge_low,,aridity;mean_annual_temperature;mean_annual_precipitation;soil_texture_pc1;growing_season_mean_lai;mean_soil_moisture;lat;lon,baseline_vpd:omitted_same_family_as_focal_or_moderator,0.04895763076299861
FIT_OK,159,0.39272578161323374,0.12469103416642986,0.001978458765091836,0.14632102424499174,0.6391305389814758,True,0.4697221572920469,0.4335761572955682,0.03614599999647872,372.3601392136994,380.8448434304683,-8.484704216768876,0.0018161880226516235,4.266960094028411,hinge_low_q25__p10_vpd,p10_vpd,baseline_vpd,hinge_low,,aridity;mean_annual_temperature;mean_annual_precipitation;soil_texture_pc1;growing_season_mean_lai;mean_soil_moisture;lat;lon,baseline_vpd:omitted_same_family_as_focal_or_moderator,0.004208721373013542
FIT_OK,159,-0.7225613844252265,0.2158094332205309,0.0010318087384464916,-1.149027259746351,-0.29609550910410215,True,0.4651760190775751,0.4335761572955682,0.03159986178200691,373.7174561381049,380.8448434304683,-7.12738729236338,0.0036156463312774795,16.52206449079407,hinge_high_q75__p10_vpd,p10_vpd,baseline_vpd,hinge_high,,aridity;mean_annual_temperature;mean_annual_precipitation;soil_texture_pc1;growing_season_mean_lai;mean_soil_moisture;lat;lon,baseline_vpd:omitted_same_family_as_focal_or_moderator,0.003514116448104089
FIT_OK,159,-0.4622528307664431,0.1367294475283492,0.0009245189182176711,-0.7324469675665941,-0.19205869396629205,True,0.46798611844100324,0.4335761572955682,0.03440996114543504,372.8798277639262,380.8448434304683,-7.965015666542115,0.0023620477457226277,6.209762302505164,hinge_high_q90__p10_vpd,p10_vpd,baseline_vpd,hinge_high,,aridity;mean_annual_temperature;mean_annual_precipitation;soil_texture_pc1;growing_season_mean_lai;mean_soil_moisture;lat;lon,baseline_vpd:omitted_same_family_as_focal_or_moderator,0.003514116448104089
FIT_OK,159,0.4340905856547914,0.12459053438371301,0.0006496857351741932,0.1878844281677795,0.6802967431418033,True,0.47617088702726384,0.4335761572955681,0.04259472973169576,370.41468042627037,380.8448434304683,-10.430163004197937,0.0006842873388773832,4.423895579126095,interaction_with_mean_annual_precipitation__p10_vpd,p10_vpd,baseline_vpd,interaction,mean_annual_precipitation,aridity;mean_annual_temperature;soil_texture_pc1;growing_season_mean_lai;mean_soil_moisture;lat;lon,precipitation:omitted_same_family_as_focal_or_moderator;baseline_vpd:omitted_same_family_as_focal_or_moderator,0.0030405292406152245
FIT_OK,159,-0.604891080714779,0.18794649060262153,0.001581897462607362,-0.9762758228459971,-0.233506338583561,True,0.4444980297709854,0.41095965391187816,0.03353837585910724,377.7490369795335,385.0700184173331,-7.32098143779956,0.0031722746522237426,10.909688085833073,linear__p90_vpd,p90_vpd,baseline_vpd,linear,,aridity;mean_annual_temperature;mean_annual_precipitation;soil_texture_pc1;growing_season_mean_lai;mean_soil_moisture;lat;lon,baseline_vpd:omitted_same_family_as_focal_or_moderator,0.0038490171730440584
FIT_OK,159,-0.27282622456290584,0.08376752046911558,0.0013964826088615995,-0.4383611059961749,-0.10729134312963678,True,0.46872016387207016,0.4444980297709854,0.024222134101084758,372.6602962457023,377.7490369795335,-5.08874073383123,0.010335399087580648,3.072980625844825,quadratic__p90_vpd,p90_vpd,baseline_vpd,quadratic,,aridity;mean_annual_temperature;mean_annual_precipitation;soil_texture_pc1;growing_season_mean_lai;mean_soil_moisture;lat;lon,baseline_vpd:omitted_same_family_as_focal_or_moderator,0.0038490171730440584
FIT_OK,159,-0.4220931823312702,0.11181703947403376,0.00023116737585090246,-0.6430573492052043,-0.20112901545733608,True,0.47350083395368125,0.4444980297709854,0.02900280418269585,371.22307407173764,377.7490369795335,-6.525962907795872,0.0049176662732625534,6.142945814764945,hinge_high_q75__p90_vpd,p90_vpd,baseline_vpd,hinge_high,,aridity;mean_annual_temperature;mean_annual_precipitation;soil_texture_pc1;growing_season_mean_lai;mean_soil_moisture;lat;lon,baseline_vpd:omitted_same_family_as_focal_or_moderator,0.0019318987838968277
FIT_OK,159,-0.3169442561074044,0.09751500708904684,0.0014257419618876647,-0.509635195137816,-0.12425331707699286,True,0.47077674018854887,0.41095965391187816,0.059817086276670706,370.04361526573877,385.0700184173331,-15.026403151594309,6.668754081608478e-05,1.6793472857378824,high_tail_q90__p90_vpd,p90_vpd,baseline_vpd,high_tail,,aridity;mean_annual_temperature;mean_annual_precipitation;soil_texture_pc1;growing_season_mean_lai;mean_soil_moisture;lat;lon,baseline_vpd:omitted_same_family_as_focal_or_moderator,0.0038490171730440584
FIT_OK,159,-0.30448300431142844,0.09086012339653939,0.0010215755267247006,-0.48403373792785037,-0.12493227069500651,True,0.4925819191965062,0.4444980297709854,0.048083889425520776,365.35367384030684,377.7490369795335,-12.395363139226674,0.000257788518049916,1.9280865383844583,hinge_high_q90__p90_vpd,p90_vpd,baseline_vpd,hinge_high,,aridity;mean_annual_temperature;mean_annual_precipitation;soil_texture_pc1;growing_season_mean_lai;mean_soil_moisture;lat;lon,baseline_vpd:omitted_same_family_as_focal_or_moderator,0.003514116448104089
FIT_OK,159,0.30543019192879767,0.07601384985788366,9.306694348483405e-05,0.15521751339845583,0.45564287045913954,True,0.5043089892496846,0.4444980297709853,0.0598109594786993,361.63585469554516,377.74903697953357,-16.113182283988408,4.1451384692756606e-05,1.5597075010121662,interaction_with_mean_annual_precipitation__p90_vpd,p90_vpd,baseline_vpd,interaction,mean_annual_precipitation,aridity;mean_annual_temperature;soil_texture_pc1;growing_season_mean_lai;mean_soil_moisture;lat;lon,precipitation:omitted_same_family_as_focal_or_moderator;baseline_vpd:omitted_same_family_as_focal_or_moderator,0.0019318987838968277
FIT_OK,159,-0.17961432742806382,0.07989747839338204,0.02604010609517287,-0.33749279759752426,-0.021735857258603414,True,0.42474594285825273,0.41095965391187816,0.01378628894637457,383.3044374948587,385.0700184173331,-1.7655809224743848,0.06074399638983252,2.340100859841597,high_tail_q75__sd_vpd,sd_vpd,baseline_vpd,high_tail,,aridity;mean_annual_temperature;mean_annual_precipitation;soil_texture_pc1;growing_season_mean_lai;mean_soil_moisture;lat;lon,baseline_vpd:omitted_same_family_as_focal_or_moderator,0.026961879762258636
FIT_OK,159,0.2527939487914612,0.07004061560521696,0.0004195312567337816,0.11438511282743813,0.3912027847554843,True,0.4654164274702923,0.41780413130696903,0.0476122961633233,373.6459680792025,385.2116669071486,-11.565698827946107,0.0003888742792338718,1.3421906880182515,interaction_with_mean_annual_precipitation__sd_vpd,sd_vpd,baseline_vpd,interaction,mean_annual_precipitation,aridity;mean_annual_temperature;soil_texture_pc1;growing_season_mean_lai;mean_soil_moisture;lat;lon,precipitation:omitted_same_family_as_focal_or_moderator;baseline_vpd:omitted_same_family_as_focal_or_moderator,0.002641825483902875
FIT_OK,159,0.2761874583495112,0.10484647271339652,0.009330152362335758,0.06899798524450865,0.48337693145451377,True,0.49291347293921617,0.4513902914060981,0.04152318153311807,365.2497471620856,375.7639409867954,-10.514193824709764,0.0006561917888324868,1.8370343825586835,low_tail_q10__growing_season_mean_lai,growing_season_mean_lai,canopy_structure,low_tail,,aridity;mean_annual_temperature;mean_annual_precipitation;soil_texture_pc1;growing_season_mean_lai;mean_vpd;mean_soil_moisture;lat;lon,,0.011977454879700375
FIT_OK,159,0.38832331872265224,0.1257249615712074,0.002401681971774998,0.13987539415306566,0.6367712432922388,True,0.5313581758372248,0.451390291406098,0.07996788443112679,352.7137295105988,375.7639409867953,-23.050211476196523,1.4302391579496105e-06,1.8856945001921221,hinge_low_q10__growing_season_mean_lai,growing_season_mean_lai,canopy_structure,hinge_low,,aridity;mean_annual_temperature;mean_annual_precipitation;soil_texture_pc1;growing_season_mean_lai;mean_vpd;mean_soil_moisture;lat;lon,,0.004762657469452114
FIT_OK,159,0.22898274175900157,0.11617506114696569,0.050587440704106985,-0.0005934097704695107,0.45855889328847266,False,0.476021815201095,0.451390291406098,0.024631523794997,370.4599223721342,375.7639409867953,-5.304018614661118,0.009239857627155148,2.1286988356814422,hinge_low_q25__growing_season_mean_lai,growing_season_mean_lai,canopy_structure,hinge_low,,aridity;mean_annual_temperature;mean_annual_precipitation;soil_texture_pc1;growing_season_mean_lai;mean_vpd;mean_soil_moisture;lat;lon,,0.050587440704106985
FIT_OK,159,0.2761874583495112,0.10484647271339652,0.009330152362335758,0.06899798524450865,0.48337693145451377,True,0.49291347293921617,0.4513902914060981,0.04152318153311807,365.2497471620856,375.7639409867954,-10.514193824709764,0.0006561917888324868,1.8370343825586835,low_tail_q10__lai,lai,canopy_structure,low_tail,,aridity;mean_annual_temperature;mean_annual_precipitation;soil_texture_pc1;growing_season_mean_lai;mean_vpd;mean_soil_moisture;lat;lon,,0.011977454879700375
FIT_OK,159,0.38832331872265224,0.1257249615712074,0.002401681971774998,0.13987539415306566,0.6367712432922388,True,0.5313581758372248,0.451390291406098,0.07996788443112679,352.7137295105988,375.7639409867953,-23.050211476196523,1.4302391579496105e-06,1.8856945001921221,hinge_low_q10__lai,lai,canopy_structure,hinge_low,,aridity;mean_annual_temperature;mean_annual_precipitation;soil_texture_pc1;growing_season_mean_lai;mean_vpd;mean_soil_moisture;lat;lon,,0.004762657469452114
FIT_OK,159,0.22898274175900157,0.11617506114696569,0.050587440704106985,-0.0005934097704695107,0.45855889328847266,False,0.476021815201095,0.451390291406098,0.024631523794997,370.4599223721342,375.7639409867953,-5.304018614661118,0.009239857627155148,2.1286988356814422,hinge_low_q25__lai,lai,canopy_structure,hinge_low,,aridity;mean_annual_temperature;mean_annual_precipitation;soil_texture_pc1;growing_season_mean_lai;mean_vpd;mean_soil_moisture;lat;lon,,0.050587440704106985
FIT_OK,159,0.2499081591444272,0.10596912140398913,0.01966578292646912,0.04050019470951857,0.4593161235793358,True,0.4785241630930922,0.4513902914060981,0.027133871686994104,369.6987715871421,375.7639409867954,-6.065169399653257,0.006231916752620623,2.3017020470724696,low_tail_q10__median_lai,median_lai,canopy_structure,low_tail,,aridity;mean_annual_temperature;mean_annual_precipitation;soil_texture_pc1;growing_season_mean_lai;mean_vpd;mean_soil_moisture;lat;lon,,0.020728798219791775
FIT_OK,159,0.47473371134792397,0.11049592608983094,3.141425563026789e-05,0.25636798171196384,0.6930994409838841,True,0.5454028040647854,0.454795025723315,0.09060777834147038,349.8758313692612,376.77409414470344,-26.89826277544222,2.466537795460648e-07,2.48733718909674,hinge_low_q10__median_lai,median_lai,canopy_structure,hinge_low,,aridity;mean_annual_temperature;mean_annual_precipitation;soil_texture_pc1;growing_season_mean_lai;mean_vpd;mean_soil_moisture;lat;lon,,0.0012251559695804477
FIT_OK,159,0.44076800661636634,0.11161905191940406,0.00012140553855188385,0.22018271830592315,0.6613532949268095,True,0.5228899759101739,0.454795025723315,0.06809495018685896,357.5611567197667,376.77409414470344,-19.21293742493674,9.820054614941644e-06,2.8530226562094803,hinge_low_q25__median_lai,median_lai,canopy_structure,hinge_low,,aridity;mean_annual_temperature;mean_annual_precipitation;soil_texture_pc1;growing_season_mean_lai;mean_vpd;mean_soil_moisture;lat;lon,,0.0019318987838968277
FIT_OK,159,0.38202354625689106,0.13171149999378906,0.004298795359302308,0.12173089280459848,0.6423161997091836,True,0.49164518428627024,0.4547950257233151,0.03685015856295515,367.6469301251705,376.77409414470344,-9.127164019532927,0.0013648833772718497,3.9604168770498553,interaction_with_mean_annual_temperature__median_lai,median_lai,canopy_structure,interaction,mean_annual_temperature,aridity;mean_annual_precipitation;soil_texture_pc1;growing_season_mean_lai;mean_vpd;mean_soil_moisture;lat;lon,temperature:omitted_same_family_as_focal_or_moderator,0.007506851597587612
FIT_OK,159,0.9693926817376057,0.3913281766428787,0.014375124668083798,0.19603690434667453,1.742748459128537,True,0.48946431114952615,0.4662656784010055,0.02319863274852063,368.3275908178487,373.3931764201485,-5.065585602299791,0.010725531922086336,40.5076532566928,interaction_with_mean_annual_temperature__n_lai,n_lai,canopy_structure,interaction,mean_annual_temperature,aridity;mean_annual_precipitation;soil_texture_pc1;growing_season_mean_lai;mean_vpd;mean_soil_moisture;lat;lon,temperature:omitted_same_family_as_focal_or_moderator,0.016017996058721947
FIT_OK,159,0.2500443786924159,0.09503645295817204,0.009413669954354721,0.06224070628850767,0.4378480510963242,True,0.48303757736429953,0.4513902914060981,0.03164728595820143,368.31662415285575,375.7639409867953,-7.447316833939567,0.0030719780051118323,1.9755940967024317,interaction_with_mean_annual_temperature__mean_annual_precipitation,mean_annual_precipitation,precipitation,interaction,mean_annual_temperature,aridity;soil_texture_pc1;growing_season_mean_lai;mean_vpd;mean_soil_moisture;lat;lon,temperature:omitted_same_family_as_focal_or_moderator;precipitation:omitted_same_family_as_focal_or_moderator,0.011977454879700375
FIT_OK,159,0.28973615167763395,0.08689939308337988,0.0010812665994166428,0.11801230632418433,0.46145999703108354,True,0.49545678014961547,0.4513902914060981,0.044066488743517374,364.4502714652291,375.7639409867954,-11.313669521566283,0.0004407280760009001,1.9050085446464025,interaction_with_mean_vpd__mean_annual_precipitation,mean_annual_precipitation,precipitation,interaction,mean_vpd,aridity;mean_annual_temperature;soil_texture_pc1;growing_season_mean_lai;mean_soil_moisture;lat;lon,precipitation:omitted_same_family_as_focal_or_moderator;baseline_vpd:omitted_same_family_as_focal_or_moderator,0.003514116448104089
FIT_OK,159,0.2544609384213789,0.09490487322452729,0.008168191542914451,0.06691728368882974,0.44200459315392804,True,0.4833770767800655,0.45060368495674075,0.03277339182332473,368.21217141605064,375.9917547585811,-7.779583342530486,0.0025948708180681475,1.975699357922607,interaction_with_mean_annual_temperature__mean_precipitation,mean_precipitation,precipitation,interaction,mean_annual_temperature,aridity;soil_texture_pc1;growing_season_mean_lai;mean_vpd;mean_soil_moisture;lat;lon,temperature:omitted_same_family_as_focal_or_moderator;precipitation:omitted_same_family_as_focal_or_moderator,0.011596680989166226
FIT_OK,159,0.2931013861677162,0.08748066649802907,0.001023797038585095,0.12022887334463861,0.4659738989907938,True,0.49540875140220464,0.45060368495674075,0.04480506644546389,364.4654063577194,375.9917547585811,-11.526348400861707,0.00039654543414396247,1.9173818808639178,interaction_with_mean_vpd__mean_precipitation,mean_precipitation,precipitation,interaction,mean_vpd,aridity;mean_annual_temperature;soil_texture_pc1;growing_season_mean_lai;mean_soil_moisture;lat;lon,precipitation:omitted_same_family_as_focal_or_moderator;baseline_vpd:omitted_same_family_as_focal_or_moderator,0.003514116448104089
FIT_OK,159,-0.19700002471230052,0.0687539679688711,0.004768972602661247,-0.33285877143721043,-0.061141277987390635,True,0.46337785526122877,0.43983451150566555,0.023543343755563217,372.25114291595963,377.0782927843473,-4.827149868387664,0.011564690912061856,1.6484068762525115,low_tail_q10__n_precipitation,n_precipitation,precipitation,low_tail,,aridity;mean_annual_temperature;soil_texture_pc1;growing_season_mean_lai;mean_vpd;mean_soil_moisture;lat;lon,precipitation:omitted_same_family_as_focal_or_moderator,0.007858729500160084
FIT_OK,159,-0.19700002471230052,0.0687539679688711,0.004768972602661247,-0.33285877143721043,-0.061141277987390635,True,0.46337785526122877,0.43983451150566555,0.023543343755563217,372.25114291595963,377.0782927843473,-4.827149868387664,0.011564690912061856,1.6484068762525115,low_tail_q25__n_precipitation,n_precipitation,precipitation,low_tail,,aridity;mean_annual_temperature;soil_texture_pc1;growing_season_mean_lai;mean_vpd;mean_soil_moisture;lat;lon,precipitation:omitted_same_family_as_focal_or_moderator,0.007858729500160084
FIT_OK,159,0.19700002471230052,0.0687539679688711,0.004768972602661247,0.061141277987390635,0.33285877143721043,True,0.46337785526122877,0.43983451150566555,0.023543343755563217,372.25114291595963,377.0782927843473,-4.827149868387664,0.011564690912061856,1.6484068762525115,high_tail_q75__n_precipitation,n_precipitation,precipitation,high_tail,,aridity;mean_annual_temperature;soil_texture_pc1;growing_season_mean_lai;mean_vpd;mean_soil_moisture;lat;lon,precipitation:omitted_same_family_as_focal_or_moderator,0.007858729500160084
FIT_OK,159,0.3221413393255392,0.09720809325170725,0.0011549843482914195,0.13005686608212583,0.5142258125689525,True,0.46683219655754205,0.43983451150566555,0.026997685051876497,371.2243204524999,377.0782927843473,-5.8539723318473875,0.006760748796447294,3.8438496598151315,low_tail_q25__p10_precipitation,p10_precipitation,precipitation,low_tail,,aridity;mean_annual_temperature;soil_texture_pc1;growing_season_mean_lai;mean_vpd;mean_soil_moisture;lat;lon,precipitation:omitted_same_family_as_focal_or_moderator,0.003652247804056651
FIT_OK,159,0.298757240549033,0.08444198746672667,0.0005388914237617628,0.13188952971058457,0.4656249513874815,True,0.5090720823109904,0.4645561767150622,0.04451590559592822,360.10063646971594,371.9016248971219,-11.800988427405969,0.0003460286111676003,2.005033652255674,interaction_with_mean_annual_temperature__p90_precipitation,p90_precipitation,precipitation,interaction,mean_annual_temperature,aridity;soil_texture_pc1;growing_season_mean_lai;mean_vpd;mean_soil_moisture;lat;lon,temperature:omitted_same_family_as_focal_or_moderator;precipitation:omitted_same_family_as_focal_or_moderator,0.002804687144634822
FIT_OK,159,0.28179619249596677,0.07979585279645864,0.0005513487549282128,0.12410981288779363,0.4394825721041399,True,0.5087482132283174,0.46455617671506233,0.044192036513255095,360.2054954599344,371.9016248971219,-11.696129437187494,0.0003645015710069556,1.7969095875770698,interaction_with_mean_vpd__p90_precipitation,p90_precipitation,precipitation,interaction,mean_vpd,aridity;mean_annual_temperature;soil_texture_pc1;growing_season_mean_lai;mean_soil_moisture;lat;lon,precipitation:omitted_same_family_as_focal_or_moderator;baseline_vpd:omitted_same_family_as_focal_or_moderator,0.002804687144634822
FIT_OK,159,0.2840983280316505,0.08323993420418409,0.0008289207396126786,0.11960602168383425,0.4485906343794668,True,0.4999670985207991,0.46541711187719215,0.03454998664360698,363.0225141762183,371.6457645174539,-8.623250341235632,0.001693574822332481,2.3360894701044432,interaction_with_mean_annual_temperature__sd_precipitation,sd_precipitation,precipitation,interaction,mean_annual_temperature,aridity;soil_texture_pc1;growing_season_mean_lai;mean_vpd;mean_soil_moisture;lat;lon,temperature:omitted_same_family_as_focal_or_moderator;precipitation:omitted_same_family_as_focal_or_moderator,0.003514116448104089
FIT_OK,159,0.25136628559186325,0.07835624333134789,0.0016386426126648564,0.09652475062971472,0.4062078205540118,True,0.5042009039780944,0.46541711187719215,0.038783792100902215,361.6705208170396,371.6457645174539,-9.975243700414353,0.0008589081638988113,1.629160175154209,interaction_with_mean_vpd__sd_precipitation,sd_precipitation,precipitation,interaction,mean_vpd,aridity;mean_annual_temperature;soil_texture_pc1;growing_season_mean_lai;mean_soil_moisture;lat;lon,precipitation:omitted_same_family_as_focal_or_moderator;baseline_vpd:omitted_same_family_as_focal_or_moderator,0.0038490171730440584
FIT_OK,159,0.19056326266113055,0.06795702539256367,0.00572184602923206,0.05627185618380509,0.324854669138456,True,0.4685295595140153,0.4513902914060981,0.017139268107917216,372.7173295750226,375.7639409867954,-3.046611411772801,0.030486030401391525,2.1187810848982602,low_tail_q25__rooting_depth,rooting_depth,rooting,low_tail,,aridity;mean_annual_temperature;mean_annual_precipitation;soil_texture_pc1;growing_season_mean_lai;mean_vpd;mean_soil_moisture;lat;lon,,0.008844319857041065
FIT_OK,159,0.19056326266113055,0.06795702539256367,0.00572184602923206,0.05627185618380509,0.324854669138456,True,0.4685295595140153,0.4513902914060981,0.017139268107917216,372.7173295750226,375.7639409867954,-3.046611411772801,0.030486030401391525,2.1187810848982602,low_tail_q25__rooting_zone_storage_rooting_depth,rooting_zone_storage_rooting_depth,rooting,low_tail,,aridity;mean_annual_temperature;mean_annual_precipitation;soil_texture_pc1;growing_season_mean_lai;mean_vpd;mean_soil_moisture;lat;lon,,0.008844319857041065
FIT_OK,159,0.19056326266113055,0.06795702539256367,0.00572184602923206,0.05627185618380509,0.324854669138456,True,0.4685295595140153,0.4513902914060981,0.017139268107917216,372.7173295750226,375.7639409867954,-3.046611411772801,0.030486030401391525,2.1187810848982602,low_tail_q25__trait_rooting_depth,trait_rooting_depth,rooting,low_tail,,aridity;mean_annual_temperature;mean_annual_precipitation;soil_texture_pc1;growing_season_mean_lai;mean_vpd;mean_soil_moisture;lat;lon,,0.008844319857041065
FIT_OK,159,0.23379869118586333,0.07187658022456102,0.0014137667324358558,0.09176962149489637,0.3758277608768303,True,0.45138709608850325,0.4073588120031746,0.04402828408532866,375.7648670623097,386.03903692033043,-10.274169858020741,0.0007096027748361295,1.2415162011375602,linear__soil_sand,soil_sand,soil_texture,linear,,aridity;mean_annual_temperature;mean_annual_precipitation;growing_season_mean_lai;mean_vpd;mean_soil_moisture;lat;lon,soil_texture:omitted_same_family_as_focal_or_moderator,0.0038490171730440584
FIT_OK,164,0.20544963180907172,0.06369742269015839,0.0015364132010516733,0.07961613394435871,0.3312831296737847,True,0.4623923531811531,0.42889643303062386,0.03349592015052927,383.6291312866542,391.54154685406615,-7.912415567411983,0.002319249750257651,1.260140071411544,high_tail_q75__soil_sand,soil_sand,soil_texture,high_tail,,aridity;mean_annual_temperature;mean_annual_precipitation;growing_season_mean_lai;mean_vpd;mean_soil_moisture;lat;lon,soil_texture:omitted_same_family_as_focal_or_moderator,0.0038490171730440584
FIT_OK,164,0.17292838370330488,0.06708204490775178,0.010878956094862384,0.0404086050661015,0.30544816234050826,True,0.454220437242554,0.42889643303062386,0.02532400421193015,386.10325987170995,391.54154685406615,-5.438286982356203,0.00832506382123488,1.1808648284835432,high_tail_q90__soil_sand,soil_sand,soil_texture,high_tail,,aridity;mean_annual_temperature;mean_annual_precipitation;growing_season_mean_lai;mean_vpd;mean_soil_moisture;lat;lon,soil_texture:omitted_same_family_as_focal_or_moderator,0.012628068316887602
FIT_OK,159,0.23379869118586333,0.07187658022456102,0.0014137667324358558,0.09176962149489637,0.3758277608768303,True,0.45138709608850325,0.4073588120031746,0.04402828408532866,375.7648670623097,386.03903692033043,-10.274169858020741,0.0007096027748361295,1.2415162011375602,linear__soil_sand_mean,soil_sand_mean,soil_texture,linear,,aridity;mean_annual_temperature;mean_annual_precipitation;growing_season_mean_lai;mean_vpd;mean_soil_moisture;lat;lon,soil_texture:omitted_same_family_as_focal_or_moderator,0.0038490171730440584
FIT_OK,164,0.20544963180907172,0.06369742269015839,0.0015364132010516733,0.07961613394435871,0.3312831296737847,True,0.4623923531811531,0.42889643303062386,0.03349592015052927,383.6291312866542,391.54154685406615,-7.912415567411983,0.002319249750257651,1.260140071411544,high_tail_q75__soil_sand_mean,soil_sand_mean,soil_texture,high_tail,,aridity;mean_annual_temperature;mean_annual_precipitation;growing_season_mean_lai;mean_vpd;mean_soil_moisture;lat;lon,soil_texture:omitted_same_family_as_focal_or_moderator,0.0038490171730440584
FIT_OK,164,0.17292838370330488,0.06708204490775178,0.010878956094862384,0.0404086050661015,0.30544816234050826,True,0.454220437242554,0.42889643303062386,0.02532400421193015,386.10325987170995,391.54154685406615,-5.438286982356203,0.00832506382123488,1.1808648284835432,high_tail_q90__soil_sand_mean,soil_sand_mean,soil_texture,high_tail,,aridity;mean_annual_temperature;mean_annual_precipitation;growing_season_mean_lai;mean_vpd;mean_soil_moisture;lat;lon,soil_texture:omitted_same_family_as_focal_or_moderator,0.012628068316887602
FIT_OK,159,-0.280045182056599,0.07835624797523029,0.0004741738048030801,-0.4348781606099361,-0.12521220350326187,True,0.45212719695317694,0.4073588120031746,0.04476838495000235,375.55022485656616,386.03903692033043,-10.488812063764271,0.0006370740632438859,1.7518010551575633,linear__soil_silt,soil_silt,soil_texture,linear,,aridity;mean_annual_temperature;mean_annual_precipitation;growing_season_mean_lai;mean_vpd;mean_soil_moisture;lat;lon,soil_texture:omitted_same_family_as_focal_or_moderator,0.002641825483902875
FIT_OK,164,0.15087904763437632,0.05854541322361565,0.010901152991501264,0.03522328294672876,0.26653481232202386,True,0.4479308581411541,0.42889643303062386,0.019034425110530218,387.98239358755825,391.54154685406615,-3.5591532665079058,0.02254395486770919,1.1959639906572561,low_tail_q10__soil_silt,soil_silt,soil_texture,low_tail,,aridity;mean_annual_temperature;mean_annual_precipitation;growing_season_mean_lai;mean_vpd;mean_soil_moisture;lat;lon,soil_texture:omitted_same_family_as_focal_or_moderator,0.012628068316887602
FIT_OK,164,0.32051898115202826,0.06706614373761423,4.075372978166247e-06,0.18803061508654356,0.45300734721751296,True,0.493544659832707,0.42889643303062386,0.06464822680208315,373.8395011460491,391.54154685406615,-17.702045708017067,1.752158765290944e-05,1.5890987635785223,low_tail_q25__soil_silt,soil_silt,soil_texture,low_tail,,aridity;mean_annual_temperature;mean_annual_precipitation;growing_season_mean_lai;mean_vpd;mean_soil_moisture;lat;lon,soil_texture:omitted_same_family_as_focal_or_moderator,0.00023840931922272543
FIT_OK,164,-0.13708291273885198,0.05155945868278863,0.008672228816734143,-0.23893800765572779,-0.035227817821976176,True,0.4440301296729605,0.42889643303062386,0.015133696642336658,389.1370859846287,391.54154685406615,-2.4044608694374574,0.04231600398254576,1.2417141303333294,high_tail_q75__soil_silt,soil_silt,soil_texture,high_tail,,aridity;mean_annual_temperature;mean_annual_precipitation;growing_season_mean_lai;mean_vpd;mean_soil_moisture;lat;lon,soil_texture:omitted_same_family_as_focal_or_moderator,0.011937067900681114
FIT_OK,159,-0.280045182056599,0.07835624797523029,0.0004741738048030801,-0.4348781606099361,-0.12521220350326187,True,0.45212719695317694,0.4073588120031746,0.04476838495000235,375.55022485656616,386.03903692033043,-10.488812063764271,0.0006370740632438859,1.7518010551575633,linear__soil_silt_mean,soil_silt_mean,soil_texture,linear,,aridity;mean_annual_temperature;mean_annual_precipitation;growing_season_mean_lai;mean_vpd;mean_soil_moisture;lat;lon,soil_texture:omitted_same_family_as_focal_or_moderator,0.002641825483902875
FIT_OK,164,0.15087904763437632,0.05854541322361565,0.010901152991501264,0.03522328294672876,0.26653481232202386,True,0.4479308581411541,0.42889643303062386,0.019034425110530218,387.98239358755825,391.54154685406615,-3.5591532665079058,0.02254395486770919,1.1959639906572561,low_tail_q10__soil_silt_mean,soil_silt_mean,soil_texture,low_tail,,aridity;mean_annual_temperature;mean_annual_precipitation;growing_season_mean_lai;mean_vpd;mean_soil_moisture;lat;lon,soil_texture:omitted_same_family_as_focal_or_moderator,0.012628068316887602
FIT_OK,164,0.32051898115202826,0.06706614373761423,4.075372978166247e-06,0.18803061508654356,0.45300734721751296,True,0.493544659832707,0.42889643303062386,0.06464822680208315,373.8395011460491,391.54154685406615,-17.702045708017067,1.752158765290944e-05,1.5890987635785223,low_tail_q25__soil_silt_mean,soil_silt_mean,soil_texture,low_tail,,aridity;mean_annual_temperature;mean_annual_precipitation;growing_season_mean_lai;mean_vpd;mean_soil_moisture;lat;lon,soil_texture:omitted_same_family_as_focal_or_moderator,0.00023840931922272543
FIT_OK,164,-0.13708291273885198,0.05155945868278863,0.008672228816734143,-0.23893800765572779,-0.035227817821976176,True,0.4440301296729605,0.42889643303062386,0.015133696642336658,389.1370859846287,391.54154685406615,-2.4044608694374574,0.04231600398254576,1.2417141303333294,high_tail_q75__soil_silt_mean,soil_silt_mean,soil_texture,high_tail,,aridity;mean_annual_temperature;mean_annual_precipitation;growing_season_mean_lai;mean_vpd;mean_soil_moisture;lat;lon,soil_texture:omitted_same_family_as_focal_or_moderator,0.011937067900681114
FIT_OK,159,0.19471286464960014,0.07093413343710663,0.006796160322979816,0.05454608222991392,0.33487964706928636,True,0.4407445091699421,0.4073588120031746,0.033385697166767536,378.8197847464162,386.03903692033043,-7.219252173914242,0.003342080556184413,1.1356090445160023,linear__soil_texture_coarse_index,soil_texture_coarse_index,soil_texture,linear,,aridity;mean_annual_temperature;mean_annual_precipitation;growing_season_mean_lai;mean_vpd;mean_soil_moisture;lat;lon,soil_texture:omitted_same_family_as_focal_or_moderator,0.009816676022081958
FIT_OK,159,-0.23363734293497523,0.07188567768328262,0.0014261461072876138,-0.37568438932425957,-0.0915902965456909,True,0.4513355007235009,0.4073588120031746,0.04397668872032634,375.779819822692,386.03903692033043,-10.259217097638441,0.0007149558759638954,1.241257802761425,linear__soil_texture_fine_index,soil_texture_fine_index,soil_texture,linear,,aridity;mean_annual_temperature;mean_annual_precipitation;growing_season_mean_lai;mean_vpd;mean_soil_moisture;lat;lon,soil_texture:omitted_same_family_as_focal_or_moderator,0.0038490171730440584
FIT_OK,164,0.17292838370330488,0.06708204490775178,0.010878956094862384,0.0404086050661015,0.30544816234050826,True,0.454220437242554,0.42889643303062386,0.02532400421193015,386.10325987170995,391.54154685406615,-5.438286982356203,0.00832506382123488,1.1808648284835432,low_tail_q10__soil_texture_fine_index,soil_texture_fine_index,soil_texture,low_tail,,aridity;mean_annual_temperature;mean_annual_precipitation;growing_season_mean_lai;mean_vpd;mean_soil_moisture;lat;lon,soil_texture:omitted_same_family_as_focal_or_moderator,0.012628068316887602
FIT_OK,164,0.20312361970805493,0.0657888262736,0.002394536640195347,0.0731585790393045,0.33308866037680535,True,0.461081225692196,0.42889643303062386,0.03218479266157215,384.0286105939661,391.54154685406615,-7.512936260100048,0.002845367287199679,1.2819472014982123,low_tail_q25__soil_texture_fine_index,soil_texture_fine_index,soil_texture,low_tail,,aridity;mean_annual_temperature;mean_annual_precipitation;growing_season_mean_lai;mean_vpd;mean_soil_moisture;lat;lon,soil_texture:omitted_same_family_as_focal_or_moderator,0.004762657469452114
FIT_OK,159,0.23384595112687895,0.07189142692078905,0.0014138334363290176,0.09178754416852025,0.37590435808523764,True,0.4513902914060981,0.4073588120031746,0.04403147940292351,375.7639409867953,386.03903692033043,-10.275095933535113,0.0007092725736099559,1.2419280387568377,linear__soil_texture_pc1,soil_texture_pc1,soil_texture,linear,,aridity;mean_annual_temperature;mean_annual_precipitation;growing_season_mean_lai;mean_vpd;mean_soil_moisture;lat;lon,soil_texture:omitted_same_family_as_focal_or_moderator,0.0038490171730440584
FIT_OK,164,0.20312361970805493,0.0657888262736,0.002394536640195347,0.0731585790393045,0.33308866037680535,True,0.461081225692196,0.42889643303062386,0.03218479266157215,384.0286105939661,391.54154685406615,-7.512936260100048,0.002845367287199679,1.2819472014982123,high_tail_q75__soil_texture_pc1,soil_texture_pc1,soil_texture,high_tail,,aridity;mean_annual_temperature;mean_annual_precipitation;growing_season_mean_lai;mean_vpd;mean_soil_moisture;lat;lon,soil_texture:omitted_same_family_as_focal_or_moderator,0.004762657469452114
FIT_OK,164,0.17292838370330488,0.06708204490775178,0.010878956094862384,0.0404086050661015,0.30544816234050826,True,0.454220437242554,0.42889643303062386,0.02532400421193015,386.10325987170995,391.54154685406615,-5.438286982356203,0.00832506382123488,1.1808648284835432,high_tail_q90__soil_texture_pc1,soil_texture_pc1,soil_texture,high_tail,,aridity;mean_annual_temperature;mean_annual_precipitation;growing_season_mean_lai;mean_vpd;mean_soil_moisture;lat;lon,soil_texture:omitted_same_family_as_focal_or_moderator,0.012628068316887602
FIT_OK,159,0.3615564672656055,0.11272697873243763,0.0016419937893799104,0.13879414895531728,0.5843187855758937,True,0.4916603479103431,0.4513902914060981,0.04027005650424498,365.6421872721225,375.7639409867953,-10.12175371467282,0.0007982360605754353,3.246160804562207,quadratic__mat,mat,temperature,quadratic,,aridity;mean_annual_precipitation;soil_texture_pc1;growing_season_mean_lai;mean_vpd;mean_soil_moisture;lat;lon,temperature:omitted_same_family_as_focal_or_moderator,0.0038490171730440584
FIT_OK,159,0.3702486635412692,0.09612490289038818,0.00017371577150134579,0.18030458872576824,0.5601927383567701,True,0.5067837786529842,0.44874160348700154,0.058042175165982646,358.8400422597516,374.529745888858,-15.689703629106361,4.8085688604184054e-05,2.3618010948431536,low_tail_q10__mat,mat,temperature,low_tail,,aridity;mean_annual_precipitation;soil_texture_pc1;growing_season_mean_lai;mean_vpd;mean_soil_moisture;lat;lon,temperature:omitted_same_family_as_focal_or_moderator,0.0019318987838968277
FIT_OK,159,0.3298884653356188,0.1359935856684696,0.016479550412685284,0.061148481708968194,0.5986284489622693,True,0.4977970489926009,0.4513902914060981,0.04640675758650281,363.7110515366067,375.7639409867953,-12.052889450188616,0.0003054155269691929,2.3450550139952364,hinge_low_q10__mat,mat,temperature,hinge_low,,aridity;mean_annual_precipitation;soil_texture_pc1;growing_season_mean_lai;mean_vpd;mean_soil_moisture;lat;lon,temperature:omitted_same_family_as_focal_or_moderator,0.017590630163209553
FIT_OK,159,0.475761332282579,0.12545944763743988,0.00021697591384691882,0.2278380957698783,0.7236845687952798,True,0.4991993556298888,0.4513902914060981,0.04780906422379072,363.26645312911444,375.7639409867953,-12.49748785768088,0.00024509094577369525,4.734433709803917,hinge_low_q25__mat,mat,temperature,hinge_low,,aridity;mean_annual_precipitation;soil_texture_pc1;growing_season_mean_lai;mean_vpd;mean_soil_moisture;lat;lon,temperature:omitted_same_family_as_focal_or_moderator,0.0019318987838968277
FIT_OK,159,-0.290870194587744,0.0915189289833292,0.0018042674652858288,-0.47172280874313965,-0.1100175804323483,True,0.48050502979960164,0.4513902914060981,0.029114738393503536,369.0936476310354,375.7639409867953,-6.670293355759895,0.0045670575780376145,2.9059326914093058,hinge_high_q90__mat,mat,temperature,hinge_high,,aridity;mean_annual_precipitation;soil_texture_pc1;growing_season_mean_lai;mean_vpd;mean_soil_moisture;lat;lon,temperature:omitted_same_family_as_focal_or_moderator,0.00399155750532607
FIT_OK,159,0.2500443786924157,0.09503645295817192,0.009413669954354695,0.06224070628850767,0.43784805109632374,True,0.4830375773642994,0.451390291406098,0.03164728595820143,368.31662415285575,375.7639409867953,-7.447316833939567,0.003071978005111795,1.9755940967024317,interaction_with_mean_annual_precipitation__mat,mat,temperature,interaction,mean_annual_precipitation,aridity;soil_texture_pc1;growing_season_mean_lai;mean_vpd;mean_soil_moisture;lat;lon,temperature:omitted_same_family_as_focal_or_moderator;precipitation:omitted_same_family_as_focal_or_moderator,0.011977454879700375
FIT_OK,159,0.3615564672656055,0.11272697873243763,0.0016419937893799104,0.13879414895531728,0.5843187855758937,True,0.4916603479103431,0.4513902914060981,0.04027005650424498,365.6421872721225,375.7639409867953,-10.12175371467282,0.0007982360605754353,3.246160804562207,quadratic__mean_annual_temperature,mean_annual_temperature,temperature,quadratic,,aridity;mean_annual_precipitation;soil_texture_pc1;growing_season_mean_lai;mean_vpd;mean_soil_moisture;lat;lon,temperature:omitted_same_family_as_focal_or_moderator,0.0038490171730440584
FIT_OK,159,0.3702486635412692,0.09612490289038818,0.00017371577150134579,0.18030458872576824,0.5601927383567701,True,0.5067837786529842,0.44874160348700154,0.058042175165982646,358.8400422597516,374.529745888858,-15.689703629106361,4.8085688604184054e-05,2.3618010948431536,low_tail_q10__mean_annual_temperature,mean_annual_temperature,temperature,low_tail,,aridity;mean_annual_precipitation;soil_texture_pc1;growing_season_mean_lai;mean_vpd;mean_soil_moisture;lat;lon,temperature:omitted_same_family_as_focal_or_moderator,0.0019318987838968277
FIT_OK,159,0.3298884653356188,0.1359935856684696,0.016479550412685284,0.061148481708968194,0.5986284489622693,True,0.4977970489926009,0.4513902914060981,0.04640675758650281,363.7110515366067,375.7639409867953,-12.052889450188616,0.0003054155269691929,2.3450550139952364,hinge_low_q10__mean_annual_temperature,mean_annual_temperature,temperature,hinge_low,,aridity;mean_annual_precipitation;soil_texture_pc1;growing_season_mean_lai;mean_vpd;mean_soil_moisture;lat;lon,temperature:omitted_same_family_as_focal_or_moderator,0.017590630163209553
FIT_OK,159,0.475761332282579,0.12545944763743988,0.00021697591384691882,0.2278380957698783,0.7236845687952798,True,0.4991993556298888,0.4513902914060981,0.04780906422379072,363.26645312911444,375.7639409867953,-12.49748785768088,0.00024509094577369525,4.734433709803917,hinge_low_q25__mean_annual_temperature,mean_annual_temperature,temperature,hinge_low,,aridity;mean_annual_precipitation;soil_texture_pc1;growing_season_mean_lai;mean_vpd;mean_soil_moisture;lat;lon,temperature:omitted_same_family_as_focal_or_moderator,0.0019318987838968277
FIT_OK,159,-0.290870194587744,0.0915189289833292,0.0018042674652858288,-0.47172280874313965,-0.1100175804323483,True,0.48050502979960164,0.4513902914060981,0.029114738393503536,369.0936476310354,375.7639409867953,-6.670293355759895,0.0045670575780376145,2.9059326914093058,hinge_high_q90__mean_annual_temperature,mean_annual_temperature,temperature,hinge_high,,aridity;mean_annual_precipitation;soil_texture_pc1;growing_season_mean_lai;mean_vpd;mean_soil_moisture;lat;lon,temperature:omitted_same_family_as_focal_or_moderator,0.00399155750532607
FIT_OK,159,0.2500443786924157,0.09503645295817192,0.009413669954354695,0.06224070628850767,0.43784805109632374,True,0.4830375773642994,0.451390291406098,0.03164728595820143,368.31662415285575,375.7639409867953,-7.447316833939567,0.003071978005111795,1.9755940967024317,interaction_with_mean_annual_precipitation__mean_annual_temperature,mean_annual_temperature,temperature,interaction,mean_annual_precipitation,aridity;soil_texture_pc1;growing_season_mean_lai;mean_vpd;mean_soil_moisture;lat;lon,temperature:omitted_same_family_as_focal_or_moderator;precipitation:omitted_same_family_as_focal_or_moderator,0.011977454879700375
FIT_OK,159,0.3615432389938831,0.11274185574500493,0.0016448791337795121,0.13875152188442286,0.5843349561033433,True,0.49165183495720854,0.45138937782143485,0.0402624571357737,365.6448499568239,375.76420576490307,-10.119355808079149,0.0007991933494363002,3.246535928529972,quadratic__mean_temperature,mean_temperature,temperature,quadratic,,aridity;mean_annual_precipitation;soil_texture_pc1;growing_season_mean_lai;mean_vpd;mean_soil_moisture;lat;lon,temperature:omitted_same_family_as_focal_or_moderator,0.0038490171730440584
FIT_OK,159,0.3702486635412692,0.09612490289038818,0.00017371577150134579,0.18030458872576824,0.5601927383567701,True,0.5067837786529842,0.44874160348700154,0.058042175165982646,358.8400422597516,374.529745888858,-15.689703629106361,4.8085688604184054e-05,2.3618010948431536,low_tail_q10__mean_temperature,mean_temperature,temperature,low_tail,,aridity;mean_annual_precipitation;soil_texture_pc1;growing_season_mean_lai;mean_vpd;mean_soil_moisture;lat;lon,temperature:omitted_same_family_as_focal_or_moderator,0.0019318987838968277
FIT_OK,159,0.3297619709816529,0.13601670537487603,0.016538199298744023,0.06097629998312687,0.598547641980179,True,0.4977660500792115,0.45138937782143485,0.04637667225777664,363.720865646833,375.76420576490307,-12.043340118070091,0.00030686372344484493,2.344777065962725,hinge_low_q10__mean_temperature,mean_temperature,temperature,hinge_low,,aridity;mean_annual_precipitation;soil_texture_pc1;growing_season_mean_lai;mean_vpd;mean_soil_moisture;lat;lon,temperature:omitted_same_family_as_focal_or_moderator,0.017590630163209553
FIT_OK,159,0.47574354993796486,0.12546808880352686,0.0002172968712201913,0.22780323742258862,0.723683862453341,True,0.49919175139473027,0.45138937782143485,0.04780237357329542,363.2688673916049,375.76420576490307,-12.495338373298182,0.00024535159510195094,4.734742406892005,hinge_low_q25__mean_temperature,mean_temperature,temperature,hinge_low,,aridity;mean_annual_precipitation;soil_texture_pc1;growing_season_mean_lai;mean_vpd;mean_soil_moisture;lat;lon,temperature:omitted_same_family_as_focal_or_moderator,0.0019318987838968277
FIT_OK,159,-0.2908235474981087,0.09152339679587002,0.0018081414340365956,-0.47168499059836355,-0.10996210439785384,True,0.48049744006635386,0.45138937782143485,0.02910806224491902,369.095970577051,375.76420576490307,-6.668235187852076,0.004571873959794355,2.9056669958904036,hinge_high_q90__mean_temperature,mean_temperature,temperature,hinge_high,,aridity;mean_annual_precipitation;soil_texture_pc1;growing_season_mean_lai;mean_vpd;mean_soil_moisture;lat;lon,temperature:omitted_same_family_as_focal_or_moderator,0.00399155750532607
FIT_OK,159,0.25003397284597284,0.09503864484711583,0.009418169648995167,0.06222596900101926,0.4378419766909264,True,0.4830344611748548,0.45138937782143485,0.03164508335341998,368.31758258350106,375.76420576490307,-7.446623181402003,0.0030730620807033694,1.975567164065768,interaction_with_mean_annual_precipitation__mean_temperature,mean_temperature,temperature,interaction,mean_annual_precipitation,aridity;soil_texture_pc1;growing_season_mean_lai;mean_vpd;mean_soil_moisture;lat;lon,temperature:omitted_same_family_as_focal_or_moderator;precipitation:omitted_same_family_as_focal_or_moderator,0.011977454879700375
FIT_OK,159,0.32935535826816537,0.11794781758519741,0.005923541881465072,0.09627602286540599,0.5624346936709248,True,0.48442769547644227,0.45085342090526825,0.03357427457117401,367.8884953789556,375.91946260374255,-8.030967224786934,0.002284449621521648,3.2308948862021194,quadratic__median_temperature,median_temperature,temperature,quadratic,,aridity;mean_annual_precipitation;soil_texture_pc1;growing_season_mean_lai;mean_vpd;mean_soil_moisture;lat;lon,temperature:omitted_same_family_as_focal_or_moderator,0.008939912815157188
FIT_OK,159,0.4541733694721589,0.13424027753104592,0.000916740530918281,0.18889813749410733,0.7194486014502105,True,0.4931357315247856,0.45085342090526825,0.04228231061951737,365.1800413818305,375.91946260374255,-10.739421221912039,0.0005864975201993398,4.878481012872521,hinge_low_q25__median_temperature,median_temperature,temperature,hinge_low,,aridity;mean_annual_precipitation;soil_texture_pc1;growing_season_mean_lai;mean_vpd;mean_soil_moisture;lat;lon,temperature:omitted_same_family_as_focal_or_moderator,0.003514116448104089
FIT_OK,159,0.25744519162135715,0.09610778233777159,0.008226705317100827,0.06752444113235295,0.44736594211036135,True,0.4849519362214768,0.45085342090526825,0.034098515316208555,367.72673982237393,375.91946260374255,-8.192722781368616,0.0021048949273716785,1.9437217742278772,interaction_with_mean_annual_precipitation__median_temperature,median_temperature,temperature,interaction,mean_annual_precipitation,aridity;soil_texture_pc1;growing_season_mean_lai;mean_vpd;mean_soil_moisture;lat;lon,temperature:omitted_same_family_as_focal_or_moderator;precipitation:omitted_same_family_as_focal_or_moderator,0.011596680989166226
FIT_OK,159,-0.1682390515466356,0.06458590962045238,0.010121842466388935,-0.29586166004969267,-0.04061644304357853,True,0.46631766502162153,0.44874160348700154,0.01757606153461999,371.37768879845265,374.529745888858,-3.1520570904053216,0.02826390017678147,1.610393682882804,low_tail_q10__n_temperature,n_temperature,temperature,low_tail,,aridity;mean_annual_precipitation;soil_texture_pc1;growing_season_mean_lai;mean_vpd;mean_soil_moisture;lat;lon,temperature:omitted_same_family_as_focal_or_moderator,0.012465848090184268
FIT_OK,159,-0.1682390515466356,0.06458590962045238,0.010121842466388935,-0.29586166004969267,-0.04061644304357853,True,0.46631766502162153,0.44874160348700154,0.01757606153461999,371.37768879845265,374.529745888858,-3.1520570904053216,0.02826390017678147,1.610393682882804,low_tail_q25__n_temperature,n_temperature,temperature,low_tail,,aridity;mean_annual_precipitation;soil_texture_pc1;growing_season_mean_lai;mean_vpd;mean_soil_moisture;lat;lon,temperature:omitted_same_family_as_focal_or_moderator,0.012465848090184268
FIT_OK,159,0.1682390515466356,0.06458590962045238,0.010121842466388935,0.04061644304357853,0.29586166004969267,True,0.46631766502162153,0.44874160348700154,0.01757606153461999,371.37768879845265,374.529745888858,-3.1520570904053216,0.02826390017678147,1.610393682882804,high_tail_q75__n_temperature,n_temperature,temperature,high_tail,,aridity;mean_annual_precipitation;soil_texture_pc1;growing_season_mean_lai;mean_vpd;mean_soil_moisture;lat;lon,temperature:omitted_same_family_as_focal_or_moderator,0.012465848090184268
FIT_OK,159,0.3432044937986525,0.10186965743276137,0.0009618132894521987,0.14189757232904615,0.5445114152682589,True,0.5011288621374277,0.45400241493059035,0.04712644720683734,362.6526678425233,375.0050780937928,-12.352410251269532,0.000263325197783421,2.499431456112387,quadratic__p10_temperature,p10_temperature,temperature,quadratic,,aridity;mean_annual_precipitation;soil_texture_pc1;growing_season_mean_lai;mean_vpd;mean_soil_moisture;lat;lon,temperature:omitted_same_family_as_focal_or_moderator,0.003514116448104089
FIT_OK,159,0.3677793278044301,0.10044185190765213,0.00034747074172040597,0.1693049048434032,0.566253750765457,True,0.49940827892864015,0.44874160348700154,0.05066667544163861,361.20010789595744,374.529745888858,-13.32963799290053,0.0001544003239908423,2.6696370500188498,low_tail_q10__p10_temperature,p10_temperature,temperature,low_tail,,aridity;mean_annual_precipitation;soil_texture_pc1;growing_season_mean_lai;mean_vpd;mean_soil_moisture;lat;lon,temperature:omitted_same_family_as_focal_or_moderator,0.002483486260839629
FIT_OK,159,0.4461681084534207,0.12471892385097412,0.0004694540513112556,0.19970823765221102,0.6926279792546304,True,0.507849347918979,0.45400241493059035,0.05384693298838861,360.4961590140189,375.0050780937928,-14.508919079773932,9.097114488355561e-05,3.696886154014185,hinge_low_q25__p10_temperature,p10_temperature,temperature,hinge_low,,aridity;mean_annual_precipitation;soil_texture_pc1;growing_season_mean_lai;mean_vpd;mean_soil_moisture;lat;lon,temperature:omitted_same_family_as_focal_or_moderator,0.002641825483902875
FIT_OK,159,0.20583744092654505,0.09400644890119922,0.030118753811314056,0.02006918270813421,0.3916056991449559,True,0.47514398936250835,0.45400241493059035,0.021141574431917998,370.7260737648573,375.0050780937928,-4.279004328935514,0.015800319222113706,2.0040632368052638,interaction_with_mean_annual_precipitation__p10_temperature,p10_temperature,temperature,interaction,mean_annual_precipitation,aridity;soil_texture_pc1;growing_season_mean_lai;mean_vpd;mean_soil_moisture;lat;lon,temperature:omitted_same_family_as_focal_or_moderator;precipitation:omitted_same_family_as_focal_or_moderator,0.03091135259582232
FIT_OK,159,0.25244394479167903,0.07960468671413835,0.0018456370837898477,0.09513533277879505,0.409752556804563,True,0.490093270419347,0.44999316738487183,0.0401001030344752,366.1315885059904,376.1683456735921,-10.036757167601706,0.0008328863403497867,1.5892214842240053,interaction_with_mean_annual_precipitation__p90_temperature,p90_temperature,temperature,interaction,mean_annual_precipitation,aridity;soil_texture_pc1;growing_season_mean_lai;mean_vpd;mean_soil_moisture;lat;lon,temperature:omitted_same_family_as_focal_or_moderator;precipitation:omitted_same_family_as_focal_or_moderator,0.003998880348211336
FIT_OK,159,0.20798300940125042,0.08430764714829103,0.014767374873231523,0.041380771487861845,0.374585247314639,True,0.4780066706809991,0.45089105620870085,0.027115614472298266,369.85647878718544,375.9085652977451,-6.052086510559661,0.006274068580642623,1.5952775934247267,quadratic__sd_temperature,sd_temperature,temperature,quadratic,,aridity;mean_annual_precipitation;soil_texture_pc1;growing_season_mean_lai;mean_vpd;mean_soil_moisture;lat;lon,temperature:omitted_same_family_as_focal_or_moderator,0.01629983830347253
FIT_OK,159,-0.24784543357954641,0.10875673815315727,0.024103556409804498,-0.46276207017606064,-0.032928796983032194,True,0.4692855444256857,0.45089105620870085,0.01839448821698486,372.4910005776933,375.90856529774516,-3.417564720051871,0.024972307107139068,3.3394437628067966,interaction_with_mean_vpd__sd_temperature,sd_temperature,temperature,interaction,mean_vpd,aridity;mean_annual_precipitation;soil_texture_pc1;growing_season_mean_lai;mean_soil_moisture;lat;lon,temperature:omitted_same_family_as_focal_or_moderator;baseline_vpd:omitted_same_family_as_focal_or_moderator,0.025179608035242197
